model,precision,recall,f1,top_level_f1,other_fields_f1,schema_validity
Baseline (Qwen Instruct),0.42597567669847,0.41821342535721334,0.4161596557210466,0.537202224443122,0.33789944086634544,0.3333333333333333
Pipeline,0.7290436617369583,0.7121845520537745,0.7187937846041375,0.7693931369199426,0.6834549650932328,1.0
