{
  "loading": {
    "base_model_loading_seconds": 2.432559013366699,
    "adapter_loading_seconds": 0.7197234630584717,
    "triage_loading_seconds": 0.07155346870422363,
    "base_model_ram_mb": 195.63671875,
    "adapter_ram_mb": 630.4609375,
    "peak_total_ram_mb": 1436.6015625
  },
  "inference": {
    "baseline": {
      "latency_seconds": 11.769248008728027,
      "tokens_generated": 256,
      "tokens_per_second": 21.751602125314328
    },
    "pipeline_lora": {
      "first_pass_latency": 14.32497239112854,
      "correction_pass_latency": 10.727768659591675,
      "total_latency_seconds": 25.052741050720215,
      "tokens_generated": 440,
      "effective_tokens_per_second": 17.56294846576682
    }
  }
}