{"epoch": 3, "top_level_f1": 0.9599426758605503, "other_fields_f1": 0.8383065621549982}