{
  "Baseline (Qwen Instruct)": {
    "precision": 0.46958185669003255,
    "recall": 0.47648774172460057,
    "f1": 0.4680664746798327,
    "schema_validity": 0.23333333333333334
  },
  "Pipeline": {
    "precision": 0.7251073043090007,
    "recall": 0.6761188018734878,
    "f1": 0.6923572371943784,
    "schema_validity": 1.0
  }
}