{
  "mean_norms_per_module": {
    "q_proj": 0.29489394064460484,
    "k_proj": 0.11183062408651624,
    "v_proj": 0.10866227772619043,
    "o_proj": 0.2792055218347481,
    "gate_proj": 0.8333955215556281,
    "up_proj": 0.7141160411494119,
    "down_proj": 0.31943426706961225
  },
  "sorted_layers_by_magnitude": [
    [
      26,
      0.5042704194784164
    ],
    [
      24,
      0.48645837179252077
    ],
    [
      25,
      0.47839002098355976
    ],
    [
      23,
      0.45973181085927145
    ],
    [
      19,
      0.45080131718090605
    ],
    [
      22,
      0.4506065770983696
    ],
    [
      21,
      0.44415501185825895
    ],
    [
      20,
      0.4419246699128832
    ],
    [
      27,
      0.43188743186848505
    ],
    [
      18,
      0.41278688609600067
    ],
    [
      17,
      0.4125332928129605
    ],
    [
      16,
      0.3836727429713522
    ],
    [
      15,
      0.3635261633566448
    ],
    [
      14,
      0.3559126364333289
    ],
    [
      13,
      0.354443079658917
    ],
    [
      11,
      0.3422968462109566
    ],
    [
      12,
      0.33816343333039967
    ],
    [
      8,
      0.3373900300690106
    ],
    [
      9,
      0.33212555199861526
    ],
    [
      7,
      0.33031568782670157
    ],
    [
      5,
      0.3238888851233891
    ],
    [
      10,
      0.32355910752500805
    ],
    [
      6,
      0.3219613092286246
    ],
    [
      1,
      0.3172861805983952
    ],
    [
      2,
      0.3169265549097742
    ],
    [
      0,
      0.3128040667091097
    ],
    [
      3,
      0.3123871386051178
    ],
    [
      4,
      0.30594755176986965
    ]
  ],
  "layer_total_norms": {
    "0": 0.3128040667091097,
    "1": 0.3172861805983952,
    "10": 0.32355910752500805,
    "11": 0.3422968462109566,
    "12": 0.33816343333039967,
    "13": 0.354443079658917,
    "14": 0.3559126364333289,
    "15": 0.3635261633566448,
    "16": 0.3836727429713522,
    "17": 0.4125332928129605,
    "18": 0.41278688609600067,
    "19": 0.45080131718090605,
    "2": 0.3169265549097742,
    "20": 0.4419246699128832,
    "21": 0.44415501185825895,
    "22": 0.4506065770983696,
    "23": 0.45973181085927145,
    "24": 0.48645837179252077,
    "25": 0.47839002098355976,
    "26": 0.5042704194784164,
    "27": 0.43188743186848505,
    "3": 0.3123871386051178,
    "4": 0.30594755176986965,
    "5": 0.3238888851233891,
    "6": 0.3219613092286246,
    "7": 0.33031568782670157,
    "8": 0.3373900300690106,
    "9": 0.33212555199861526
  }
}