{
  "runs": 3,
  "seeds_used": [
    42,
    1337,
    2026
  ],
  "f1_scores": [
    0.6923572371943784,
    0.6923572371943784,
    0.6923572371943784
  ],
  "mean_f1": 0.6923572371943784,
  "variance_f1": 0.0
}