{"epoch": 2, "top_level_f1": 0.9587769729736381, "other_fields_f1": 0.8224868358173999}