{"epoch": 2, "top_level_f1": 0.9556436419295186, "other_fields_f1": 0.8491614029407549, "train_loss": 0.04922294369392583}