{"epoch": 2, "top_level_f1": 0.9651458221506531, "other_fields_f1": 0.8538567429205877, "train_loss": 0.05357452358989774}