{"epoch": 3, "top_level_f1": 0.753506718050981, "other_fields_f1": 0.8028848961411925, "train_loss": 0.02433766745860972}