{"epoch": 2, "top_level_f1": 0.5205375598967253, "other_fields_f1": 0.37555075840129476, "train_loss": 0.04922294369392583}