{"epoch": 1, "top_level_f1": 0.7417771585328158, "other_fields_f1": 0.7169826315567344, "train_loss": 0.1923252237515281}