{"epoch": 1, "top_level_f1": 0.34210025715799086, "other_fields_f1": 0.36384546009546004, "train_loss": 0.1923252237515281}