{"epoch": 3, "top_level_f1": 0.9658891233395648, "other_fields_f1": 0.8643544977512158, "train_loss": 0.026854703492110433}