{"epoch": 1, "top_level_f1": 0.964258449215795, "other_fields_f1": 0.7814604094062362, "train_loss": 0.19307990707052142}