{"epoch": 1, "top_level_f1": 0.7300187734265702, "other_fields_f1": 0.716317513262099, "train_loss": 0.19231886460810252}