{"epoch": 2, "top_level_f1": 0.8216972955553228, "other_fields_f1": 0.7734917472653436, "train_loss": 0.05827842783992705}