{"epoch": 2, "top_level_f1": 0.9587769729736381, "other_fields_f1": 0.8224868358173999, "train_loss": 0.07366537670807347}