{"epoch": 3, "top_level_f1": 0.9321772844174279, "other_fields_f1": 0.8270878200123819, "train_loss": 0.03729258886153769}