{"epoch": 1, "top_level_f1": 0.6956344606837498, "other_fields_f1": 0.7093939957144441, "train_loss": 0.24980541417456192}